{
    "required": true,
    "package": "dev.client.guinness.mixin.mixins",
    "refmap": "mixins.guinness.refmap.json",
    "minVersion": "0.7.3",
    "compatibilityLevel": "JAVA_8",
    "mixins": [
    	"MixinBlockWeb",
    	"MixinEntityPlayer",
    	"MixinEntityPlayerSP",
    	"MixinEntityRenderer",
    	"MixinGuiHopper",
    	"MixinGuiIngame",
        "MixinGuiMainMenu",
        "MixinGuiScreen",
	"MixinMinecraft",
        "MixinNetworkManager",
        "MixinParticleManager",
        "MixinPlayerControllerMP",
	"MixinSlotShulkerBox",
      "MixinModelBiped"
    ]
}